First Name,Last Name,Email,Phone,Amount,Received On
John,Smith,john.smith@email.com,555-0101,$250.00,2020-01-15
Sarah,Johnson,sarah.johnson@email.com,555-0102,$500.00,2020-01-22
Michael,Brown,michael.brown@email.com,555-0103,$100.00,2020-02-14
Emily,Davis,emily.davis@email.com,555-0104,$750.00,2020-02-28
David,Wilson,david.wilson@email.com,555-0105,$300.00,2020-03-10
Lisa,Anderson,lisa.anderson@email.com,555-0106,$150.00,2020-03-25
Robert,Taylor,robert.taylor@email.com,555-0107,$1000.00,2020-04-12
Jennifer,Thomas,jennifer.thomas@email.com,555-0108,$200.00,2020-04-18
William,Jackson,william.jackson@email.com,555-0109,$400.00,2020-05-05
Jessica,White,jessica.white@email.com,555-0110,$125.00,2020-05-20
Christopher,Harris,christopher.harris@email.com,555-0111,$600.00,2020-06-08
Amanda,Martin,amanda.martin@email.com,555-0112,$350.00,2020-06-22
Matthew,Thompson,matthew.thompson@email.com,555-0113,$800.00,2020-07-14
Ashley,Garcia,ashley.garcia@email.com,555-0114,$175.00,2020-07-30
Daniel,Martinez,daniel.martinez@email.com,555-0115,$450.00,2020-08-11
Stephanie,Robinson,stephanie.robinson@email.com,555-0116,$275.00,2020-08-25
James,Clark,james.clark@email.com,555-0117,$900.00,2020-09-12
Michelle,Rodriguez,michelle.rodriguez@email.com,555-0118,$225.00,2020-09-28
Andrew,Lewis,andrew.lewis@email.com,555-0119,$550.00,2020-10-15
Nicole,Lee,nicole.lee@email.com,555-0120,$325.00,2020-10-30
Joshua,Walker,joshua.walker@email.com,555-0121,$700.00,2020-11-08
Megan,Hall,megan.hall@email.com,555-0122,$400.00,2020-11-22
Ryan,Allen,ryan.allen@email.com,555-0123,$1200.00,2020-12-05
Lauren,Young,lauren.young@email.com,555-0124,$300.00,2020-12-15
Kevin,Hernandez,kevin.hernandez@email.com,555-0125,$850.00,2020-12-28
John,Smith,john.smith@email.com,555-0101,$300.00,2021-01-20
Sarah,Johnson,sarah.johnson@email.com,555-0102,$600.00,2021-02-12
Michael,Brown,michael.brown@email.com,555-0103,$125.00,2021-02-25
Emily,Davis,emily.davis@email.com,555-0104,$800.00,2021-03-15
David,Wilson,david.wilson@email.com,555-0105,$350.00,2021-03-28
Lisa,Anderson,lisa.anderson@email.com,555-0106,$200.00,2021-04-10
Robert,Taylor,robert.taylor@email.com,555-0107,$1100.00,2021-04-25
Jennifer,Thomas,jennifer.thomas@email.com,555-0108,$250.00,2021-05-08
William,Jackson,william.jackson@email.com,555-0109,$450.00,2021-05-22
Jessica,White,jessica.white@email.com,555-0110,$150.00,2021-06-12
Christopher,Harris,christopher.harris@email.com,555-0111,$650.00,2021-06-28
Amanda,Martin,amanda.martin@email.com,555-0112,$375.00,2021-07-15
Matthew,Thompson,matthew.thompson@email.com,555-0113,$900.00,2021-07-30
Ashley,Garcia,ashley.garcia@email.com,555-0114,$200.00,2021-08-14
Daniel,Martinez,daniel.martinez@email.com,555-0115,$500.00,2021-08-28
Stephanie,Robinson,stephanie.robinson@email.com,555-0116,$300.00,2021-09-12
James,Clark,james.clark@email.com,555-0117,$950.00,2021-09-25
Michelle,Rodriguez,michelle.rodriguez@email.com,555-0118,$275.00,2021-10-10
Andrew,Lewis,andrew.lewis@email.com,555-0119,$600.00,2021-10-28
Nicole,Lee,nicole.lee@email.com,555-0120,$350.00,2021-11-15
Joshua,Walker,joshua.walker@email.com,555-0121,$750.00,2021-11-30
Megan,Hall,megan.hall@email.com,555-0122,$425.00,2021-12-08
Ryan,Allen,ryan.allen@email.com,555-0123,$1300.00,2021-12-20
Lauren,Young,lauren.young@email.com,555-0124,$325.00,2021-12-30
Kevin,Hernandez,kevin.hernandez@email.com,555-0125,$900.00,2022-01-12
Brian,King,brian.king@email.com,555-0126,$400.00,2022-01-25
Rachel,Wright,rachel.wright@email.com,555-0127,$275.00,2022-02-08
Tyler,Lopez,tyler.lopez@email.com,555-0128,$650.00,2022-02-22
Samantha,Hill,samantha.hill@email.com,555-0129,$350.00,2022-03-10
Brandon,Scott,brandon.scott@email.com,555-0130,$500.00,2022-03-25
Kimberly,Green,kimberly.green@email.com,555-0131,$225.00,2022-04-12
Jonathan,Adams,jonathan.adams@email.com,555-0132,$800.00,2022-04-28
Amy,Baker,amy.baker@email.com,555-0133,$300.00,2022-05-15
Justin,Gonzalez,justin.gonzalez@email.com,555-0134,$450.00,2022-05-30
Brittany,Nelson,brittany.nelson@email.com,555-0135,$175.00,2022-06-14
Nathan,Carter,nathan.carter@email.com,555-0136,$700.00,2022-06-28
Danielle,Mitchell,danielle.mitchell@email.com,555-0137,$325.00,2022-07-12
John,Smith,john.smith@email.com,555-0101,$350.00,2022-07-25
Sarah,Johnson,sarah.johnson@email.com,555-0102,$650.00,2022-08-10
Michael,Brown,michael.brown@email.com,555-0103,$150.00,2022-08-25
Emily,Davis,emily.davis@email.com,555-0104,$850.00,2022-09-12
David,Wilson,david.wilson@email.com,555-0105,$400.00,2022-09-28
Lisa,Anderson,lisa.anderson@email.com,555-0106,$250.00,2022-10-15
Robert,Taylor,robert.taylor@email.com,555-0107,$1200.00,2022-10-30
Jennifer,Thomas,jennifer.thomas@email.com,555-0108,$275.00,2022-11-12
William,Jackson,william.jackson@email.com,555-0109,$500.00,2022-11-25
Jessica,White,jessica.white@email.com,555-0110,$175.00,2022-12-08
Christopher,Harris,christopher.harris@email.com,555-0111,$700.00,2022-12-20
Amanda,Martin,amanda.martin@email.com,555-0112,$400.00,2023-01-15
Matthew,Thompson,matthew.thompson@email.com,555-0113,$1000.00,2023-01-30
Ashley,Garcia,ashley.garcia@email.com,555-0114,$225.00,2023-02-12
Daniel,Martinez,daniel.martinez@email.com,555-0115,$550.00,2023-02-25
Stephanie,Robinson,stephanie.robinson@email.com,555-0116,$325.00,2023-03-12
James,Clark,james.clark@email.com,555-0117,$1000.00,2023-03-28
Michelle,Rodriguez,michelle.rodriguez@email.com,555-0118,$300.00,2023-04-15
Andrew,Lewis,andrew.lewis@email.com,555-0119,$650.00,2023-04-30
Nicole,Lee,nicole.lee@email.com,555-0120,$375.00,2023-05-15
Joshua,Walker,joshua.walker@email.com,555-0121,$800.00,2023-05-30
Megan,Hall,megan.hall@email.com,555-0122,$450.00,2023-06-12
Ryan,Allen,ryan.allen@email.com,555-0123,$1400.00,2023-06-25
Lauren,Young,lauren.young@email.com,555-0124,$350.00,2023-07-10
Kevin,Hernandez,kevin.hernandez@email.com,555-0125,$950.00,2023-07-25
Brian,King,brian.king@email.com,555-0126,$425.00,2023-08-12
Rachel,Wright,rachel.wright@email.com,555-0127,$300.00,2023-08-28
Tyler,Lopez,tyler.lopez@email.com,555-0128,$700.00,2023-09-15
Samantha,Hill,samantha.hill@email.com,555-0129,$375.00,2023-09-30
Brandon,Scott,brandon.scott@email.com,555-0130,$525.00,2023-10-15
Kimberly,Green,kimberly.green@email.com,555-0131,$250.00,2023-10-30
Jonathan,Adams,jonathan.adams@email.com,555-0132,$850.00,2023-11-12
Amy,Baker,amy.baker@email.com,555-0133,$325.00,2023-11-25
Justin,Gonzalez,justin.gonzalez@email.com,555-0134,$475.00,2023-12-08
Brittany,Nelson,brittany.nelson@email.com,555-0135,$200.00,2023-12-20
Nathan,Carter,nathan.carter@email.com,555-0136,$750.00,2024-01-10
Danielle,Mitchell,danielle.mitchell@email.com,555-0137,$350.00,2024-01-25
Gregory,Perez,gregory.perez@email.com,555-0138,$600.00,2024-02-08
Heather,Roberts,heather.roberts@email.com,555-0139,$275.00,2024-02-22
Sean,Turner,sean.turner@email.com,555-0140,$800.00,2024-03-10
Melissa,Phillips,melissa.phillips@email.com,555-0141,$400.00,2024-03-25
John,Smith,john.smith@email.com,555-0101,$400.00,2024-04-12
Sarah,Johnson,sarah.johnson@email.com,555-0102,$700.00,2024-04-28
Michael,Brown,michael.brown@email.com,555-0103,$175.00,2024-05-15
Emily,Davis,emily.davis@email.com,555-0104,$900.00,2024-05-30
David,Wilson,david.wilson@email.com,555-0105,$450.00,2024-06-12
Lisa,Anderson,lisa.anderson@email.com,555-0106,$275.00,2024-06-25
Robert,Taylor,robert.taylor@email.com,555-0107,$1300.00,2024-07-10
Jennifer,Thomas,jennifer.thomas@email.com,555-0108,$300.00,2024-07-25
William,Jackson,william.jackson@email.com,555-0109,$550.00,2024-08-12
Jessica,White,jessica.white@email.com,555-0110,$200.00,2024-08-28
Christopher,Harris,christopher.harris@email.com,555-0111,$750.00,2024-09-15
Amanda,Martin,amanda.martin@email.com,555-0112,$425.00,2024-09-30
Matthew,Thompson,matthew.thompson@email.com,555-0113,$1100.00,2024-10-15
Ashley,Garcia,ashley.garcia@email.com,555-0114,$250.00,2024-10-30
Daniel,Martinez,daniel.martinez@email.com,555-0115,$600.00,2024-11-12
Stephanie,Robinson,stephanie.robinson@email.com,555-0116,$350.00,2024-11-25
James,Clark,james.clark@email.com,555-0117,$1050.00,2024-12-08
Michelle,Rodriguez,michelle.rodriguez@email.com,555-0118,$325.00,2024-12-20
Andrew,Lewis,andrew.lewis@email.com,555-0119,$700.00,2024-12-28
Nicole,Lee,nicole.lee@email.com,555-0120,$400.00,2024-01-18
Joshua,Walker,joshua.walker@email.com,555-0121,$850.00,2024-02-15
Megan,Hall,megan.hall@email.com,555-0122,$475.00,2024-03-12
Ryan,Allen,ryan.allen@email.com,555-0123,$1500.00,2024-04-08
Lauren,Young,lauren.young@email.com,555-0124,$375.00,2024-05-05
Kevin,Hernandez,kevin.hernandez@email.com,555-0125,$1000.00,2024-06-02
Brian,King,brian.king@email.com,555-0126,$450.00,2024-07-01
Rachel,Wright,rachel.wright@email.com,555-0127,$325.00,2024-08-05
Tyler,Lopez,tyler.lopez@email.com,555-0128,$750.00,2024-09-02
Samantha,Hill,samantha.hill@email.com,555-0129,$400.00,2024-10-01
Brandon,Scott,brandon.scott@email.com,555-0130,$575.00,2024-11-05
Kimberly,Green,kimberly.green@email.com,555-0131,$275.00,2024-12-02
Jonathan,Adams,jonathan.adams@email.com,555-0132,$900.00,2024-01-28
Amy,Baker,amy.baker@email.com,555-0133,$350.00,2024-02-28
Justin,Gonzalez,justin.gonzalez@email.com,555-0134,$500.00,2024-03-30
Brittany,Nelson,brittany.nelson@email.com,555-0135,$225.00,2024-04-25
Nathan,Carter,nathan.carter@email.com,555-0136,$800.00,2024-05-28
Danielle,Mitchell,danielle.mitchell@email.com,555-0137,$375.00,2024-06-30
Gregory,Perez,gregory.perez@email.com,555-0138,$625.00,2024-07-28
Heather,Roberts,heather.roberts@email.com,555-0139,$300.00,2024-08-30
Sean,Turner,sean.turner@email.com,555-0140,$825.00,2024-09-28
Melissa,Phillips,melissa.phillips@email.com,555-0141,$425.00,2024-10-28
Patricia,Campbell,patricia.campbell@email.com,555-0142,$550.00,2024-11-28
Mark,Parker,mark.parker@email.com,555-0143,$375.00,2024-12-25
Linda,Evans,linda.evans@email.com,555-0144,$700.00,2024-01-08
Charles,Edwards,charles.edwards@email.com,555-0145,$450.00,2024-02-05
Barbara,Collins,barbara.collins@email.com,555-0146,$325.00,2024-03-08
Thomas,Stewart,thomas.stewart@email.com,555-0147,$800.00,2024-04-05
Susan,Sanchez,susan.sanchez@email.com,555-0148,$275.00,2024-05-08
Joseph,Morris,joseph.morris@email.com,555-0149,$650.00,2024-06-05
Karen,Rogers,karen.rogers@email.com,555-0150,$400.00,2024-07-08
Richard,Reed,richard.reed@email.com,555-0151,$900.00,2024-08-05
Nancy,Cook,nancy.cook@email.com,555-0152,$350.00,2024-09-08
Steven,Bailey,steven.bailey@email.com,555-0153,$525.00,2024-10-05
Betty,Rivera,betty.rivera@email.com,555-0154,$275.00,2024-11-08
Edward,Cooper,edward.cooper@email.com,555-0155,$750.00,2024-12-05
Helen,Richardson,helen.richardson@email.com,555-0156,$425.00,2024-01-22
Paul,Cox,paul.cox@email.com,555-0157,$600.00,2024-02-18
Dorothy,Howard,dorothy.howard@email.com,555-0158,$325.00,2024-03-22
Kenneth,Ward,kenneth.ward@email.com,555-0159,$850.00,2024-04-18
Lisa,Torres,lisa.torres@email.com,555-0160,$375.00,2024-05-22
Donald,Peterson,donald.peterson@email.com,555-0161,$700.00,2024-06-18
Sandra,Gray,sandra.gray@email.com,555-0162,$450.00,2024-07-22
George,Ramirez,george.ramirez@email.com,555-0163,$525.00,2024-08-18
Donna,James,donna.james@email.com,555-0164,$300.00,2024-09-22
Carol,Watson,carol.watson@email.com,555-0165,$775.00,2024-10-18
Ronald,Brooks,ronald.brooks@email.com,555-0166,$400.00,2024-11-22
Ruth,Kelly,ruth.kelly@email.com,555-0167,$650.00,2024-12-18
Jason,Sanders,jason.sanders@email.com,555-0168,$350.00,2024-01-05
Sharon,Price,sharon.price@email.com,555-0169,$500.00,2024-02-02
Jacob,Bennett,jacob.bennett@email.com,555-0170,$275.00,2024-03-05
Michelle,Wood,michelle.wood@email.com,555-0171,$725.00,2024-04-02
Frank,Barnes,frank.barnes@email.com,555-0172,$425.00,2024-05-05
Angela,Ross,angela.ross@email.com,555-0173,$375.00,2024-06-02
Gary,Henderson,gary.henderson@email.com,555-0174,$800.00,2024-07-05
Kimberly,Coleman,kimberly.coleman@email.com,555-0175,$325.00,2024-08-02
Nicholas,Jenkins,nicholas.jenkins@email.com,555-0176,$575.00,2024-09-05
Deborah,Perry,deborah.perry@email.com,555-0177,$450.00,2024-10-02
Eric,Powell,eric.powell@email.com,555-0178,$700.00,2024-11-05
Cynthia,Long,cynthia.long@email.com,555-0179,$375.00,2024-12-02
Stephen,Patterson,stephen.patterson@email.com,555-0180,$625.00,2024-01-12
Amy,Hughes,amy.hughes@email.com,555-0181,$300.00,2024-02-12
Larry,Flores,larry.flores@email.com,555-0182,$750.00,2024-03-12
Kathleen,Washington,kathleen.washington@email.com,555-0183,$425.00,2024-04-12
Scott,Butler,scott.butler@email.com,555-0184,$550.00,2024-05-12
Helen,Simmons,helen.simmons@email.com,555-0185,$275.00,2024-06-12
Raymond,Foster,raymond.foster@email.com,555-0186,$825.00,2024-07-12
Shirley,Gonzales,shirley.gonzales@email.com,555-0187,$400.00,2024-08-12
Benjamin,Bryant,benjamin.bryant@email.com,555-0188,$675.00,2024-09-12
Diane,Alexander,diane.alexander@email.com,555-0189,$350.00,2024-10-12
Harold,Russell,harold.russell@email.com,555-0190,$500.00,2024-11-12
Joyce,Griffin,joyce.griffin@email.com,555-0191,$325.00,2024-12-12
Arthur,Diaz,arthur.diaz@email.com,555-0192,$775.00,2024-01-25
Julie,Hayes,julie.hayes@email.com,555-0193,$450.00,2024-02-25
Wayne,Myers,wayne.myers@email.com,555-0194,$600.00,2024-03-25
Evelyn,Ford,evelyn.ford@email.com,555-0195,$375.00,2024-04-25
Louis,Hamilton,louis.hamilton@email.com,555-0196,$725.00,2024-05-25
Alice,Graham,alice.graham@email.com,555-0197,$325.00,2024-06-25
Philip,Sullivan,philip.sullivan@email.com,555-0198,$850.00,2024-07-25
Marie,Wallace,marie.wallace@email.com,555-0199,$400.00,2024-08-25
Ralph,Woods,ralph.woods@email.com,555-0200,$525.00,2024-09-25